DEMOGRAPHIC_CODE,RETAILER_CODEMR,AGE_GROUP_CODE,SALES_PERCENT
1,1,1,52.0
2,1,2,24.0
3,1,3,12.0
4,1,4,8.0
5,1,5,3.0
6,1,6,1.0
7,2,1,12.0
8,2,2,23.0
9,2,3,36.0
10,2,4,16.0
11,2,5,8.0
12,2,6,5.0
13,3,1,16.0
14,3,2,21.0
15,3,3,19.0
16,3,4,18.0
17,3,5,15.0
18,3,6,11.0
19,4,1,4.0
20,4,2,7.0
21,4,3,16.0
22,4,4,31.0
23,4,5,34.0
24,4,6,8.0
25,5,1,4.0
26,5,2,12.0
27,5,3,36.0
28,5,4,31.0
29,5,5,14.0
30,5,6,3.0
31,6,1,31.0
32,6,2,33.0
33,6,3,16.0
34,6,4,11.0
35,6,5,7.0
36,6,6,2.0
37,7,1,6.0
38,7,2,16.0
39,7,3,29.0
40,7,4,36.0
41,7,5,11.0
42,7,6,2.0
43,8,1,0.0
44,8,2,7.0
45,8,3,14.0
46,8,4,26.0
47,8,5,30.0
48,8,6,23.0
49,9,1,12.0
50,9,2,18.0
51,9,3,21.0
52,9,4,22.0
53,9,5,16.0
54,9,6,11.0
55,10,1,12.0
56,10,2,48.0
57,10,3,18.0
58,10,4,12.0
59,10,5,8.0
60,10,6,2.0
61,11,1,1.0
62,11,2,20.0
63,11,3,51.0
64,11,4,16.0
65,11,5,9.0
66,11,6,3.0
67,12,1,11.0
68,12,2,46.0
69,12,3,19.0
70,12,4,14.0
71,12,5,8.0
72,12,6,2.0
73,13,1,7.0
74,13,2,15.0
75,13,3,38.0
76,13,4,33.0
77,13,5,6.0
78,13,6,1.0
79,14,1,9.0
80,14,2,16.0
81,14,3,21.0
82,14,4,23.0
83,14,5,20.0
84,14,6,11.0
85,15,1,32.0
86,15,2,29.0
87,15,3,15.0
88,15,4,11.0
89,15,5,11.0
90,15,6,2.0
91,16,1,6.0
92,16,2,12.0
93,16,3,36.0
94,16,4,31.0
95,16,5,12.0
96,16,6,3.0
97,17,1,12.0
98,17,2,53.0
99,17,3,17.0
100,17,4,11.0
101,17,5,7.0
102,17,6,0.0
103,18,1,0.0
104,18,2,5.0
105,18,3,14.0
106,18,4,26.0
107,18,5,31.0
108,18,6,24.0
109,19,1,9.0
110,19,2,54.0
111,19,3,17.0
112,19,4,12.0
113,19,5,7.0
114,19,6,1.0
115,20,1,6.0
116,20,2,14.0
117,20,3,42.0
118,20,4,31.0
119,20,5,7.0
120,20,6,0.0
121,21,1,6.0
122,21,2,32.0
123,21,3,36.0
124,21,4,18.0
125,21,5,7.0
126,21,6,1.0
127,22,1,36.0
128,22,2,33.0
129,22,3,15.0
130,22,4,9.0
131,22,5,6.0
132,22,6,1.0
133,23,1,29.0
134,23,2,35.0
135,23,3,18.0
136,23,4,10.0
137,23,5,7.0
138,23,6,1.0
139,24,1,11.0
140,24,2,22.0
141,24,3,21.0
142,24,4,18.0
143,24,5,18.0
144,24,6,10.0
145,25,1,0.0
146,25,2,6.0
147,25,3,12.0
148,25,4,32.0
149,25,5,26.0
150,25,6,24.0
151,26,1,2.0
152,26,2,10.0
153,26,3,33.0
154,26,4,32.0
155,26,5,16.0
156,26,6,7.0
157,27,1,8.0
158,27,2,52.0
159,27,3,16.0
160,27,4,12.0
161,27,5,9.0
162,27,6,3.0
163,28,1,26.0
164,28,2,36.0
165,28,3,12.0
166,28,4,13.0
167,28,5,11.0
168,28,6,2.0
169,29,1,16.0
170,29,2,49.0
171,29,3,16.0
172,29,4,12.0
173,29,5,7.0
174,29,6,0.0
175,30,1,4.0
176,30,2,14.0
177,30,3,33.0
178,30,4,35.0
179,30,5,12.0
180,30,6,2.0
181,31,1,21.0
182,31,2,38.0
183,31,3,12.0
184,31,4,15.0
185,31,5,11.0
186,31,6,3.0
187,32,1,18.0
188,32,2,23.0
189,32,3,17.0
190,32,4,22.0
191,32,5,12.0
192,32,6,8.0
193,33,1,28.0
194,33,2,32.0
195,33,3,16.0
196,33,4,12.0
197,33,5,9.0
198,33,6,3.0
199,34,1,0.0
200,34,2,16.0
201,34,3,54.0
202,34,4,18.0
203,34,5,11.0
204,34,6,1.0
205,35,1,2.0
206,35,2,14.0
207,35,3,39.0
208,35,4,31.0
209,35,5,12.0
210,35,6,2.0
211,36,1,0.0
212,36,2,13.0
213,36,3,54.0
214,36,4,16.0
215,36,5,11.0
216,36,6,6.0
217,37,1,31.0
218,37,2,34.0
219,37,3,17.0
220,37,4,12.0
221,37,5,6.0
222,37,6,0.0
223,38,1,29.0
224,38,2,36.0
225,38,3,13.0
226,38,4,15.0
227,38,5,5.0
228,38,6,2.0
229,39,1,7.0
230,39,2,32.0
231,39,3,26.0
232,39,4,18.0
233,39,5,11.0
234,39,6,6.0
235,40,1,11.0
236,40,2,47.0
237,40,3,15.0
238,40,4,16.0
239,40,5,9.0
240,40,6,2.0
241,41,1,38.0
242,41,2,33.0
243,41,3,12.0
244,41,4,11.0
245,41,5,5.0
246,41,6,1.0
247,42,1,2.0
248,42,2,15.0
249,42,3,36.0
250,42,4,31.0
251,42,5,12.0
252,42,6,4.0
253,43,1,36.0
254,43,2,28.0
255,43,3,15.0
256,43,4,12.0
257,43,5,7.0
258,43,6,2.0
259,44,1,11.0
260,44,2,21.0
261,44,3,19.0
262,44,4,21.0
263,44,5,14.0
264,44,6,14.0
265,45,1,3.0
266,45,2,12.0
267,45,3,33.0
268,45,4,36.0
269,45,5,12.0
270,45,6,4.0
271,46,1,5.0
272,46,2,12.0
273,46,3,32.0
274,46,4,41.0
275,46,5,9.0
276,46,6,1.0
277,47,1,30.0
278,47,2,37.0
279,47,3,12.0
280,47,4,9.0
281,47,5,8.0
282,47,6,4.0
283,48,1,9.0
284,48,2,61.0
285,48,3,16.0
286,48,4,9.0
287,48,5,5.0
288,48,6,0.0
289,49,1,13.0
290,49,2,56.0
291,49,3,16.0
292,49,4,10.0
293,49,5,4.0
294,49,6,1.0
295,50,1,4.0
296,50,2,12.0
297,50,3,38.0
298,50,4,33.0
299,50,5,10.0
300,50,6,3.0
301,51,1,1.0
302,51,2,15.0
303,51,3,39.0
304,51,4,31.0
305,51,5,12.0
306,51,6,2.0
307,52,1,1.0
308,52,2,7.0
309,52,3,16.0
310,52,4,32.0
311,52,5,35.0
312,52,6,9.0
313,221,1,26.0
314,221,2,35.0
315,221,3,12.0
316,221,4,15.0
317,221,5,9.0
318,221,6,3.0
320,55,1,13.0
321,55,2,54.0
322,55,3,7.0
323,55,4,8.0
324,55,5,15.0
325,55,6,3.0
326,56,1,6.0
327,56,2,13.0
328,56,3,35.0
329,56,4,34.0
330,56,5,6.0
331,56,6,6.0
332,57,1,31.0
333,57,2,34.0
334,57,3,12.0
335,57,4,8.0
336,57,5,11.0
337,57,6,4.0
338,58,1,42.0
339,58,2,36.0
340,58,3,8.0
341,58,4,6.0
342,58,5,6.0
343,58,6,2.0
344,59,1,6.0
345,59,2,58.0
346,59,3,19.0
347,59,4,5.0
348,59,5,8.0
349,59,6,4.0
350,60,1,1.0
351,60,2,14.0
352,60,3,30.0
353,60,4,35.0
354,60,5,14.0
355,60,6,6.0
362,62,1,12.0
363,62,2,53.0
364,62,3,15.0
365,62,4,7.0
366,62,5,7.0
367,62,6,6.0
368,65,1,11.0
369,65,2,59.0
370,65,3,11.0
371,65,4,10.0
372,65,5,8.0
373,65,6,1.0
374,66,1,3.0
375,66,2,48.0
376,66,3,17.0
377,66,4,14.0
378,66,5,12.0
379,66,6,6.0
404,146,1,13.0
405,146,2,11.0
406,146,3,28.0
407,146,4,29.0
408,146,5,12.0
409,146,6,7.0
410,163,1,6.0
411,163,2,14.0
412,163,3,33.0
413,163,4,34.0
414,163,5,7.0
415,163,6,6.0
416,168,1,11.0
417,168,2,16.0
418,168,3,29.0
419,168,4,32.0
420,168,5,12.0
421,168,6,0.0
422,178,1,13.0
423,178,2,11.0
424,178,3,33.0
425,178,4,34.0
426,178,5,8.0
427,178,6,1.0
428,193,1,10.0
429,193,2,15.0
430,193,3,33.0
431,193,4,28.0
432,193,5,8.0
433,193,6,6.0
434,74,1,14.0
435,74,2,47.0
436,74,3,18.0
437,74,4,14.0
438,74,5,6.0
439,74,6,1.0
440,77,1,1.0
441,77,2,61.0
442,77,3,13.0
443,77,4,5.0
444,77,5,15.0
445,77,6,5.0
446,78,1,12.0
447,78,2,46.0
448,78,3,18.0
449,78,4,10.0
450,78,5,11.0
451,78,6,3.0
452,85,1,6.0
453,85,2,51.0
454,85,3,17.0
455,85,4,12.0
456,85,5,14.0
457,85,6,0.0
458,90,1,10.0
459,90,2,50.0
460,90,3,14.0
461,90,4,8.0
462,90,5,14.0
463,90,6,4.0
464,91,1,7.0
465,91,2,52.0
466,91,3,11.0
467,91,4,14.0
468,91,5,12.0
469,91,6,4.0
476,132,1,4.0
477,132,2,58.0
478,132,3,12.0
479,132,4,8.0
480,132,5,12.0
481,132,6,6.0
488,145,1,1.0
489,145,2,63.0
490,145,3,9.0
491,145,4,7.0
492,145,5,12.0
493,145,6,8.0
494,147,1,12.0
495,147,2,55.0
496,147,3,11.0
497,147,4,12.0
498,147,5,6.0
499,147,6,4.0
500,148,1,13.0
501,148,2,46.0
502,148,3,12.0
503,148,4,12.0
504,148,5,13.0
505,148,6,4.0
506,149,1,4.0
507,149,2,48.0
508,149,3,16.0
509,149,4,12.0
510,149,5,13.0
511,149,6,7.0
512,150,1,4.0
513,150,2,61.0
514,150,3,9.0
515,150,4,13.0
516,150,5,12.0
517,150,6,1.0
518,151,1,11.0
519,151,2,47.0
520,151,3,20.0
521,151,4,14.0
522,151,5,6.0
523,151,6,2.0
524,166,1,9.0
525,166,2,64.0
526,166,3,10.0
527,166,4,12.0
528,166,5,5.0
529,166,6,0.0
530,167,1,4.0
531,167,2,54.0
532,167,3,18.0
533,167,4,12.0
534,167,5,10.0
535,167,6,2.0
536,171,1,10.0
537,171,2,49.0
538,171,3,15.0
539,171,4,10.0
540,171,5,11.0
541,171,6,5.0
542,173,1,13.0
543,173,2,48.0
544,173,3,13.0
545,173,4,5.0
546,173,5,15.0
547,173,6,6.0
548,174,1,6.0
549,174,2,49.0
550,174,3,18.0
551,174,4,13.0
552,174,5,10.0
553,174,6,4.0
554,176,1,10.0
555,176,2,55.0
556,176,3,16.0
557,176,4,10.0
558,176,5,6.0
559,176,6,3.0
560,179,1,5.0
561,179,2,63.0
562,179,3,9.0
563,179,4,8.0
564,179,5,8.0
565,179,6,7.0
566,180,1,8.0
567,180,2,58.0
568,180,3,15.0
569,180,4,5.0
570,180,5,9.0
571,180,6,5.0
572,183,1,11.0
573,183,2,63.0
574,183,3,11.0
575,183,4,9.0
576,183,5,6.0
577,183,6,0.0
578,185,1,10.0
579,185,2,55.0
580,185,3,11.0
581,185,4,10.0
582,185,5,13.0
583,185,6,1.0
584,187,1,10.0
585,187,2,49.0
586,187,3,10.0
587,187,4,15.0
588,187,5,14.0
589,187,6,2.0
590,195,1,8.0
591,195,2,63.0
592,195,3,5.0
593,195,4,10.0
594,195,5,13.0
595,195,6,1.0
596,197,1,4.0
597,197,2,60.0
598,197,3,9.0
599,197,4,12.0
600,197,5,9.0
601,197,6,6.0
602,202,1,5.0
603,202,2,48.0
604,202,3,20.0
605,202,4,14.0
606,202,5,8.0
607,202,6,5.0
608,203,1,13.0
609,203,2,47.0
610,203,3,20.0
611,203,4,10.0
612,203,5,8.0
613,203,6,2.0
614,209,1,14.0
615,209,2,46.0
616,209,3,13.0
617,209,4,9.0
618,209,5,11.0
619,209,6,7.0
620,211,1,10.0
621,211,2,50.0
622,211,3,19.0
623,211,4,10.0
624,211,5,8.0
625,211,6,3.0
626,212,1,7.0
627,212,2,45.0
628,212,3,16.0
629,212,4,13.0
630,212,5,13.0
631,212,6,6.0
632,218,1,14.0
633,218,2,49.0
634,218,3,15.0
635,218,4,10.0
636,218,5,5.0
637,218,6,7.0
638,220,1,0.0
639,220,2,65.0
640,220,3,6.0
641,220,4,10.0
642,220,5,13.0
643,220,6,6.0
644,70,1,4.0
645,70,2,10.0
646,70,3,16.0
647,70,4,26.0
648,70,5,20.0
649,70,6,24.0
650,80,1,2.0
651,80,2,9.0
652,80,3,19.0
653,80,4,23.0
654,80,5,26.0
655,80,6,21.0
656,88,1,5.0
657,88,2,7.0
658,88,3,17.0
659,88,4,25.0
660,88,5,24.0
661,88,6,22.0
662,92,1,3.0
663,92,2,5.0
664,92,3,19.0
665,92,4,24.0
666,92,5,24.0
667,92,6,25.0
716,182,1,1.0
717,182,2,8.0
718,182,3,18.0
719,182,4,25.0
720,182,5,23.0
721,182,6,25.0
722,188,1,4.0
723,188,2,9.0
724,188,3,21.0
725,188,4,21.0
726,188,5,22.0
727,188,6,23.0
728,192,1,5.0
729,192,2,8.0
730,192,3,16.0
731,192,4,24.0
732,192,5,23.0
733,192,6,24.0
734,194,1,5.0
735,194,2,4.0
736,194,3,18.0
737,194,4,26.0
738,194,5,24.0
739,194,6,23.0
740,216,1,5.0
741,216,2,7.0
742,216,3,18.0
743,216,4,25.0
744,216,5,24.0
745,216,6,21.0
752,71,1,17.0
753,71,2,13.0
754,71,3,18.0
755,71,4,19.0
756,71,5,14.0
757,71,6,19.0
758,82,1,20.0
759,82,2,20.0
760,82,3,18.0
761,82,4,12.0
762,82,5,11.0
763,82,6,19.0
764,84,1,18.0
765,84,2,16.0
766,84,3,18.0
767,84,4,17.0
768,84,5,16.0
769,84,6,15.0
770,86,1,17.0
771,86,2,13.0
772,86,3,18.0
773,86,4,14.0
774,86,5,18.0
775,86,6,20.0
776,89,1,20.0
777,89,2,19.0
778,89,3,12.0
779,89,4,17.0
780,89,5,13.0
781,89,6,19.0
782,93,1,16.0
783,93,2,20.0
784,93,3,17.0
785,93,4,17.0
786,93,5,18.0
787,93,6,12.0
800,138,1,15.0
801,138,2,14.0
802,138,3,17.0
803,138,4,15.0
804,138,5,20.0
805,138,6,19.0
806,175,1,19.0
807,175,2,14.0
808,175,3,13.0
809,175,4,16.0
810,175,5,20.0
811,175,6,18.0
812,190,1,12.0
813,190,2,18.0
814,190,3,14.0
815,190,4,16.0
816,190,5,22.0
817,190,6,18.0
818,205,1,10.0
819,205,2,20.0
820,205,3,22.0
821,205,4,16.0
822,205,5,18.0
823,205,6,14.0
824,217,1,19.0
825,217,2,18.0
826,217,3,16.0
827,217,4,12.0
828,217,5,16.0
829,217,6,19.0
836,135,1,1.0
837,135,2,16.0
838,135,3,50.0
839,135,4,18.0
840,135,5,11.0
841,135,6,4.0
842,140,1,5.0
843,140,2,11.0
844,140,3,47.0
845,140,4,21.0
846,140,5,12.0
847,140,6,4.0
848,181,1,3.0
849,181,2,16.0
850,181,3,53.0
851,181,4,11.0
852,181,5,15.0
853,181,6,2.0
854,72,1,16.0
855,72,2,20.0
856,72,3,11.0
857,72,4,22.0
858,72,5,14.0
859,72,6,17.0
866,139,1,20.0
867,139,2,17.0
868,139,3,12.0
869,139,4,20.0
870,139,5,13.0
871,139,6,18.0
872,191,1,19.0
873,191,2,17.0
874,191,3,16.0
875,191,4,14.0
876,191,5,13.0
877,191,6,21.0
878,69,1,13.0
879,69,2,13.0
880,69,3,34.0
881,69,4,31.0
882,69,5,7.0
883,69,6,2.0
884,83,1,12.0
885,83,2,11.0
886,83,3,36.0
887,83,4,29.0
888,83,5,12.0
889,83,6,0.0
890,87,1,3.0
891,87,2,13.0
892,87,3,33.0
893,87,4,32.0
894,87,5,15.0
895,87,6,4.0
896,131,1,12.0
897,131,2,14.0
898,131,3,28.0
899,131,4,32.0
900,131,5,10.0
901,131,6,4.0
902,158,1,4.0
903,158,2,12.0
904,158,3,32.0
905,158,4,33.0
906,158,5,15.0
907,158,6,4.0
908,159,1,9.0
909,159,2,14.0
910,159,3,32.0
911,159,4,34.0
912,159,5,5.0
913,159,6,6.0
914,160,1,13.0
915,160,2,11.0
916,160,3,32.0
917,160,4,31.0
918,160,5,8.0
919,160,6,5.0
920,162,1,10.0
921,162,2,13.0
922,162,3,33.0
923,162,4,30.0
924,162,5,14.0
925,162,6,0.0
926,172,1,14.0
927,172,2,13.0
928,172,3,29.0
929,172,4,34.0
930,172,5,6.0
931,172,6,4.0
932,186,1,9.0
933,186,2,8.0
934,186,3,35.0
935,186,4,32.0
936,186,5,11.0
937,186,6,5.0
938,189,1,12.0
939,189,2,11.0
940,189,3,28.0
941,189,4,29.0
942,189,5,17.0
943,189,6,3.0
944,213,1,8.0
945,213,2,14.0
946,213,3,33.0
947,213,4,31.0
948,213,5,9.0
949,213,6,5.0
950,73,1,40.0
951,73,2,34.0
952,73,3,5.0
953,73,4,12.0
954,73,5,5.0
955,73,6,4.0
974,136,1,40.0
975,136,2,35.0
976,136,3,5.0
977,136,4,14.0
978,136,5,5.0
979,136,6,1.0
980,141,1,44.0
981,141,2,32.0
982,141,3,6.0
983,141,4,5.0
984,141,5,6.0
985,141,6,7.0
986,142,1,31.0
987,142,2,40.0
988,142,3,11.0
989,142,4,13.0
990,142,5,5.0
991,142,6,0.0
992,143,1,48.0
993,143,2,35.0
994,143,3,5.0
995,143,4,4.0
996,143,5,5.0
997,143,6,3.0
998,164,1,32.0
999,164,2,37.0
1000,164,3,6.0
1001,164,4,9.0
1002,164,5,11.0
1003,164,6,5.0
1004,207,1,36.0
1005,207,2,31.0
1006,207,3,13.0
1007,207,4,12.0
1008,207,5,6.0
1009,207,6,2.0
1010,210,1,34.0
1011,210,2,33.0
1012,210,3,14.0
1013,210,4,5.0
1014,210,5,8.0
1015,210,6,6.0
1016,75,1,42.0
1017,75,2,34.0
1018,75,3,5.0
1019,75,4,6.0
1020,75,5,12.0
1021,75,6,1.0
1022,81,1,30.0
1023,81,2,33.0
1024,81,3,16.0
1025,81,4,13.0
1026,81,5,6.0
1027,81,6,2.0
1046,137,1,28.0
1047,137,2,47.0
1048,137,3,12.0
1049,137,4,8.0
1050,137,5,5.0
1051,137,6,0.0
1052,177,1,34.0
1053,177,2,35.0
1054,177,3,12.0
1055,177,4,8.0
1056,177,5,5.0
1057,177,6,6.0
1058,208,1,29.0
1059,208,2,42.0
1060,208,3,13.0
1061,208,4,7.0
1062,208,5,9.0
1063,208,6,0.0
1070,134,1,9.0
1071,134,2,36.0
1072,134,3,31.0
1073,134,4,14.0
1074,134,5,6.0
1075,134,6,4.0
1076,155,1,6.0
1077,155,2,36.0
1078,155,3,35.0
1079,155,4,12.0
1080,155,5,5.0
1081,155,6,6.0
1082,165,1,5.0
1083,165,2,37.0
1084,165,3,33.0
1085,165,4,17.0
1086,165,5,5.0
1087,165,6,3.0
1088,170,1,1.0
1089,170,2,34.0
1090,170,3,30.0
1091,170,4,18.0
1092,170,5,10.0
1093,170,6,7.0
1094,198,1,4.0
1095,198,2,41.0
1096,198,3,30.0
1097,198,4,12.0
1098,198,5,9.0
1099,198,6,4.0
1100,76,1,29.0
1101,76,2,31.0
1102,76,3,13.0
1103,76,4,11.0
1104,76,5,14.0
1105,76,6,2.0
1106,79,1,35.0
1107,79,2,31.0
1108,79,3,7.0
1109,79,4,10.0
1110,79,5,13.0
1111,79,6,4.0
1160,133,1,30.0
1161,133,2,34.0
1162,133,3,12.0
1163,133,4,12.0
1164,133,5,11.0
1165,133,6,1.0
1166,152,1,29.0
1167,152,2,36.0
1168,152,3,11.0
1169,152,4,13.0
1170,152,5,10.0
1171,152,6,1.0
1172,153,1,31.0
1173,153,2,30.0
1174,153,3,9.0
1175,153,4,11.0
1176,153,5,15.0
1177,153,6,4.0
1178,154,1,33.0
1179,154,2,31.0
1180,154,3,15.0
1181,154,4,12.0
1182,154,5,5.0
1183,154,6,4.0
1184,156,1,40.0
1185,156,2,31.0
1186,156,3,15.0
1187,156,4,6.0
1188,156,5,8.0
1189,156,6,0.0
1190,157,1,33.0
1191,157,2,30.0
1192,157,3,17.0
1193,157,4,10.0
1194,157,5,9.0
1195,157,6,1.0
1196,161,1,30.0
1197,161,2,35.0
1198,161,3,9.0
1199,161,4,8.0
1200,161,5,12.0
1201,161,6,6.0
1202,169,1,37.0
1203,169,2,33.0
1204,169,3,14.0
1205,169,4,9.0
1206,169,5,6.0
1207,169,6,1.0
1208,184,1,39.0
1209,184,2,35.0
1210,184,3,5.0
1211,184,4,11.0
1212,184,5,10.0
1213,184,6,0.0
1214,196,1,38.0
1215,196,2,37.0
1216,196,3,5.0
1217,196,4,8.0
1218,196,5,7.0
1219,196,6,5.0
1220,199,1,29.0
1221,199,2,41.0
1222,199,3,13.0
1223,199,4,8.0
1224,199,5,6.0
1225,199,6,3.0
1226,200,1,33.0
1227,200,2,35.0
1228,200,3,13.0
1229,200,4,11.0
1230,200,5,7.0
1231,200,6,1.0
1232,201,1,31.0
1233,201,2,41.0
1234,201,3,6.0
1235,201,4,10.0
1236,201,5,11.0
1237,201,6,1.0
1238,204,1,42.0
1239,204,2,28.0
1240,204,3,7.0
1241,204,4,10.0
1242,204,5,9.0
1243,204,6,4.0
1244,206,1,33.0
1245,206,2,36.0
1246,206,3,10.0
1247,206,4,11.0
1248,206,5,5.0
1249,206,6,5.0
1250,214,1,33.0
1251,214,2,35.0
1252,214,3,8.0
1253,214,4,11.0
1254,214,5,11.0
1255,214,6,2.0
1256,215,1,31.0
1257,215,2,49.0
1258,215,3,8.0
1259,215,4,5.0
1260,215,5,7.0
1261,215,6,0.0
1262,219,1,42.0
1263,219,2,29.0
1264,219,3,6.0
1265,219,4,10.0
1266,219,5,11.0
1267,219,6,2.0
1268,228,1,7.0
1269,228,2,15.0
1270,228,3,31.0
1271,228,4,35.0
1272,228,5,10.0
1273,228,6,2.0
1274,229,1,12.0
1275,229,2,19.0
1276,229,3,18.0
1277,229,4,19.0
1278,229,5,17.0
1279,229,6,15.0
1280,230,1,10.0
1281,230,2,11.0
1282,230,3,32.0
1283,230,4,33.0
1284,230,5,12.0
1285,230,6,2.0
1286,231,1,8.0
1287,231,2,54.0
1288,231,3,17.0
1289,231,4,7.0
1290,231,5,13.0
1291,231,6,1.0
1292,232,1,3.0
1293,232,2,5.0
1294,232,3,18.0
1295,232,4,31.0
1296,232,5,33.0
1297,232,6,10.0
1298,233,1,1.0
1299,233,2,40.0
1300,233,3,35.0
1301,233,4,16.0
1302,233,5,7.0
1303,233,6,1.0
1304,234,1,4.0
1305,234,2,9.0
1306,234,3,19.0
1307,234,4,22.0
1308,234,5,23.0
1309,234,6,23.0
1310,253,1,9.0
1311,253,2,15.0
1312,253,3,35.0
1313,253,4,27.0
1314,253,5,9.0
1315,253,6,5.0
1316,257,1,11.0
1317,257,2,16.0
1318,257,3,33.0
1319,257,4,28.0
1320,257,5,9.0
1321,257,6,3.0
1322,261,1,11.0
1323,261,2,11.0
1324,261,3,31.0
1325,261,4,30.0
1326,261,5,12.0
1327,261,6,5.0
1328,263,1,6.0
1329,263,2,11.0
1330,263,3,34.0
1331,263,4,27.0
1332,263,5,15.0
1333,263,6,7.0
1334,259,1,9.0
1335,259,2,50.0
1336,259,3,15.0
1337,259,4,10.0
1338,259,5,15.0
1339,259,6,1.0
1340,235,1,2.0
1341,235,2,8.0
1342,235,3,19.0
1343,235,4,22.0
1344,235,5,24.0
1345,235,6,25.0
1346,238,1,4.0
1347,238,2,8.0
1348,238,3,19.0
1349,238,4,21.0
1350,238,5,25.0
1351,238,6,23.0
1352,241,1,5.0
1353,241,2,9.0
1354,241,3,18.0
1355,241,4,23.0
1356,241,5,22.0
1357,241,6,23.0
1358,242,1,4.0
1359,242,2,7.0
1360,242,3,16.0
1361,242,4,25.0
1362,242,5,24.0
1363,242,6,24.0
1364,243,1,4.0
1365,243,2,10.0
1366,243,3,12.0
1367,243,4,26.0
1368,243,5,25.0
1369,243,6,23.0
1370,244,1,1.0
1371,244,2,10.0
1372,244,3,20.0
1373,244,4,24.0
1374,244,5,24.0
1375,244,6,21.0
1376,250,1,5.0
1377,250,2,3.0
1378,250,3,20.0
1379,250,4,24.0
1380,250,5,25.0
1381,250,6,23.0
1382,255,1,3.0
1383,255,2,9.0
1384,255,3,20.0
1385,255,4,23.0
1386,255,5,23.0
1387,255,6,22.0
1388,258,1,4.0
1389,258,2,6.0
1390,258,3,18.0
1391,258,4,27.0
1392,258,5,28.0
1393,258,6,17.0
1394,264,1,15.0
1395,264,2,21.0
1396,264,3,17.0
1397,264,4,16.0
1398,264,5,12.0
1399,264,6,19.0
1400,248,1,8.0
1401,248,2,14.0
1402,248,3,49.0
1403,248,4,15.0
1404,248,5,8.0
1405,248,6,6.0
1406,240,1,17.0
1407,240,2,20.0
1408,240,3,13.0
1409,240,4,16.0
1410,240,5,16.0
1411,240,6,18.0
1412,265,1,18.0
1413,265,2,19.0
1414,265,3,15.0
1415,265,4,17.0
1416,265,5,15.0
1417,265,6,16.0
1418,245,1,30.0
1419,245,2,30.0
1420,245,3,17.0
1421,245,4,8.0
1422,245,5,10.0
1423,245,6,5.0
1424,246,1,29.0
1425,246,2,41.0
1426,246,3,12.0
1427,246,4,5.0
1428,246,5,8.0
1429,246,6,5.0
1430,237,1,34.0
1431,237,2,35.0
1432,237,3,12.0
1433,237,4,13.0
1434,237,5,6.0
1435,237,6,0.0
1436,249,1,30.0
1437,249,2,31.0
1438,249,3,5.0
1439,249,4,12.0
1440,249,5,15.0
1441,249,6,7.0
1442,260,1,31.0
1443,260,2,42.0
1444,260,3,9.0
1445,260,4,5.0
1446,260,5,7.0
1447,260,6,6.0
1448,266,1,39.0
1449,266,2,38.0
1450,266,3,7.0
1451,266,4,6.0
1452,266,5,9.0
1453,266,6,1.0
1454,239,1,2.0
1455,239,2,38.0
1456,239,3,32.0
1457,239,4,20.0
1458,239,5,5.0
1459,239,6,3.0
1460,251,1,3.0
1461,251,2,33.0
1462,251,3,40.0
1463,251,4,15.0
1464,251,5,7.0
1465,251,6,2.0
1466,236,1,36.0
1467,236,2,35.0
1468,236,3,8.0
1469,236,4,8.0
1470,236,5,11.0
1471,236,6,2.0
1472,247,1,30.0
1473,247,2,36.0
1474,247,3,7.0
1475,247,4,11.0
1476,247,5,10.0
1477,247,6,6.0
1478,252,1,32.0
1479,252,2,34.0
1480,252,3,10.0
1481,252,4,9.0
1482,252,5,12.0
1483,252,6,3.0
1484,254,1,31.0
1485,254,2,29.0
1486,254,3,14.0
1487,254,4,13.0
1488,254,5,9.0
1489,254,6,4.0
1490,256,1,39.0
1491,256,2,35.0
1492,256,3,5.0
1493,256,4,8.0
1494,256,5,9.0
1495,256,6,4.0
1496,262,1,30.0
1497,262,2,31.0
1498,262,3,15.0
1499,262,4,6.0
1500,262,5,11.0
1501,262,6,7.0
1502,267,1,32.0
1503,267,2,47.0
1504,267,3,6.0
1505,267,4,4.0
1506,267,5,10.0
1507,267,6,1.0
2190,406,1,8.0
2191,406,2,13.0
2192,406,3,27.0
2193,406,4,34.0
2194,406,5,14.0
2195,406,6,4.0
2196,414,1,12.0
2197,414,2,9.0
2198,414,3,33.0
2199,414,4,30.0
2200,414,5,11.0
2201,414,6,5.0
2202,455,1,15.0
2203,455,2,10.0
2204,455,3,33.0
2205,455,4,25.0
2206,455,5,11.0
2207,455,6,6.0
2208,490,1,7.0
2209,490,2,10.0
2210,490,3,34.0
2211,490,4,31.0
2212,490,5,12.0
2213,490,6,6.0
2214,540,1,14.0
2215,540,2,11.0
2216,540,3,26.0
2217,540,4,34.0
2218,540,5,15.0
2219,540,6,0.0
2220,541,1,13.0
2221,541,2,9.0
2222,541,3,31.0
2223,541,4,28.0
2224,541,5,12.0
2225,541,6,7.0
2226,567,1,2.0
2227,567,2,15.0
2228,567,3,36.0
2229,567,4,30.0
2230,567,5,12.0
2231,567,6,5.0
2232,569,1,11.0
2233,569,2,13.0
2234,569,3,27.0
2235,569,4,33.0
2236,569,5,13.0
2237,569,6,3.0
2238,589,1,12.0
2239,589,2,8.0
2240,589,3,32.0
2241,589,4,35.0
2242,589,5,7.0
2243,589,6,6.0
2244,594,1,9.0
2245,594,2,8.0
2246,594,3,27.0
2247,594,4,36.0
2248,594,5,12.0
2249,594,6,8.0
2250,622,1,7.0
2251,622,2,10.0
2252,622,3,30.0
2253,622,4,32.0
2254,622,5,14.0
2255,622,6,7.0
2256,402,1,13.0
2257,402,2,47.0
2258,402,3,17.0
2259,402,4,5.0
2260,402,5,12.0
2261,402,6,6.0
2262,407,1,5.0
2263,407,2,54.0
2264,407,3,13.0
2265,407,4,7.0
2266,407,5,13.0
2267,407,6,8.0
2268,424,1,4.0
2269,424,2,58.0
2270,424,3,12.0
2271,424,4,12.0
2272,424,5,9.0
2273,424,6,5.0
2274,426,1,12.0
2275,426,2,52.0
2276,426,3,14.0
2277,426,4,7.0
2278,426,5,13.0
2279,426,6,2.0
2280,429,1,1.0
2281,429,2,60.0
2282,429,3,12.0
2283,429,4,10.0
2284,429,5,12.0
2285,429,6,5.0
2286,435,1,1.0
2287,435,2,63.0
2288,435,3,13.0
2289,435,4,9.0
2290,435,5,11.0
2291,435,6,3.0
2292,441,1,6.0
2293,441,2,59.0
2294,441,3,6.0
2295,441,4,7.0
2296,441,5,15.0
2297,441,6,7.0
2298,462,1,11.0
2299,462,2,53.0
2300,462,3,12.0
2301,462,4,8.0
2302,462,5,10.0
2303,462,6,6.0
2304,463,1,9.0
2305,463,2,51.0
2306,463,3,18.0
2307,463,4,8.0
2308,463,5,14.0
2309,463,6,0.0
2310,465,1,8.0
2311,465,2,57.0
2312,465,3,12.0
2313,465,4,15.0
2314,465,5,5.0
2315,465,6,3.0
2316,471,1,13.0
2317,471,2,54.0
2318,471,3,7.0
2319,471,4,9.0
2320,471,5,10.0
2321,471,6,7.0
2322,481,1,6.0
2323,481,2,57.0
2324,481,3,15.0
2325,481,4,12.0
2326,481,5,8.0
2327,481,6,2.0
2328,486,1,12.0
2329,486,2,53.0
2330,486,3,11.0
2331,486,4,9.0
2332,486,5,14.0
2333,486,6,1.0
2334,496,1,1.0
2335,496,2,55.0
2336,496,3,12.0
2337,496,4,13.0
2338,496,5,16.0
2339,496,6,3.0
2340,497,1,15.0
2341,497,2,48.0
2342,497,3,14.0
2343,497,4,11.0
2344,497,5,10.0
2345,497,6,2.0
2346,530,1,0.0
2347,530,2,60.0
2348,530,3,15.0
2349,530,4,8.0
2350,530,5,15.0
2351,530,6,2.0
2352,536,1,5.0
2353,536,2,62.0
2354,536,3,7.0
2355,536,4,6.0
2356,536,5,15.0
2357,536,6,5.0
2358,537,1,10.0
2359,537,2,59.0
2360,537,3,17.0
2361,537,4,6.0
2362,537,5,8.0
2363,537,6,0.0
2364,543,1,11.0
2365,543,2,50.0
2366,543,3,18.0
2367,543,4,6.0
2368,543,5,10.0
2369,543,6,5.0
2370,546,1,4.0
2371,546,2,66.0
2372,546,3,6.0
2373,546,4,14.0
2374,546,5,10.0
2375,546,6,0.0
2376,549,1,17.0
2377,549,2,56.0
2378,549,3,8.0
2379,549,4,7.0
2380,549,5,7.0
2381,549,6,5.0
2382,550,1,12.0
2383,550,2,58.0
2384,550,3,10.0
2385,550,4,5.0
2386,550,5,10.0
2387,550,6,5.0
2388,551,1,10.0
2389,551,2,53.0
2390,551,3,12.0
2391,551,4,11.0
2392,551,5,8.0
2393,551,6,6.0
2394,554,1,5.0
2395,554,2,52.0
2396,554,3,16.0
2397,554,4,9.0
2398,554,5,12.0
2399,554,6,6.0
2400,557,1,0.0
2401,557,2,60.0
2402,557,3,8.0
2403,557,4,14.0
2404,557,5,18.0
2405,557,6,0.0
2406,559,1,11.0
2407,559,2,51.0
2408,559,3,16.0
2409,559,4,10.0
2410,559,5,10.0
2411,559,6,2.0
2412,564,1,5.0
2413,564,2,55.0
2414,564,3,18.0
2415,564,4,8.0
2416,564,5,9.0
2417,564,6,5.0
2418,571,1,2.0
2419,571,2,50.0
2420,571,3,12.0
2421,571,4,18.0
2422,571,5,11.0
2423,571,6,7.0
2424,585,1,4.0
2425,585,2,54.0
2426,585,3,15.0
2427,585,4,17.0
2428,585,5,6.0
2429,585,6,4.0
2430,593,1,15.0
2431,593,2,49.0
2432,593,3,10.0
2433,593,4,11.0
2434,593,5,13.0
2435,593,6,2.0
2436,595,1,3.0
2437,595,2,64.0
2438,595,3,11.0
2439,595,4,6.0
2440,595,5,13.0
2441,595,6,3.0
2442,598,1,9.0
2443,598,2,56.0
2444,598,3,15.0
2445,598,4,9.0
2446,598,5,6.0
2447,598,6,5.0
2454,608,1,3.0
2455,608,2,54.0
2456,608,3,13.0
2457,608,4,14.0
2458,608,5,12.0
2459,608,6,4.0
2460,625,1,7.0
2461,625,2,59.0
2462,625,3,13.0
2463,625,4,9.0
2464,625,5,10.0
2465,625,6,2.0
2466,627,1,8.0
2467,627,2,59.0
2468,627,3,11.0
2469,627,4,12.0
2470,627,5,10.0
2471,627,6,0.0
2472,405,1,0.0
2473,405,2,6.0
2474,405,3,22.0
2475,405,4,25.0
2476,405,5,23.0
2477,405,6,24.0
2478,412,1,2.0
2479,412,2,4.0
2480,412,3,20.0
2481,412,4,24.0
2482,412,5,26.0
2483,412,6,24.0
2484,413,1,2.0
2485,413,2,9.0
2486,413,3,17.0
2487,413,4,24.0
2488,413,5,25.0
2489,413,6,23.0
2490,420,1,3.0
2491,420,2,9.0
2492,420,3,10.0
2493,420,4,23.0
2494,420,5,28.0
2495,420,6,27.0
2496,425,1,2.0
2497,425,2,9.0
2498,425,3,13.0
2499,425,4,23.0
2500,425,5,27.0
2501,425,6,26.0
2502,431,1,1.0
2503,431,2,8.0
2504,431,3,12.0
2505,431,4,22.0
2506,431,5,30.0
2507,431,6,27.0
2508,436,1,3.0
2509,436,2,8.0
2510,436,3,12.0
2511,436,4,25.0
2512,436,5,28.0
2513,436,6,24.0
2514,454,1,3.0
2515,454,2,3.0
2516,454,3,18.0
2517,454,4,24.0
2518,454,5,27.0
2519,454,6,25.0
2520,459,1,2.0
2521,459,2,6.0
2522,459,3,17.0
2523,459,4,26.0
2524,459,5,25.0
2525,459,6,24.0
2526,467,1,5.0
2527,467,2,6.0
2528,467,3,15.0
2529,467,4,25.0
2530,467,5,26.0
2531,467,6,23.0
2532,475,1,1.0
2533,475,2,4.0
2534,475,3,17.0
2535,475,4,25.0
2536,475,5,27.0
2537,475,6,26.0
2538,480,1,3.0
2539,480,2,6.0
2540,480,3,19.0
2541,480,4,27.0
2542,480,5,23.0
2543,480,6,22.0
2544,493,1,2.0
2545,493,2,4.0
2546,493,3,18.0
2547,493,4,24.0
2548,493,5,27.0
2549,493,6,25.0
2550,507,1,5.0
2551,507,2,4.0
2552,507,3,17.0
2553,507,4,26.0
2554,507,5,24.0
2555,507,6,24.0
2556,529,1,3.0
2557,529,2,5.0
2558,529,3,6.0
2559,529,4,29.0
2560,529,5,32.0
2561,529,6,25.0
2562,535,1,4.0
2563,535,2,8.0
2564,535,3,6.0
2565,535,4,26.0
2566,535,5,27.0
2567,535,6,29.0
2568,547,1,1.0
2569,547,2,9.0
2570,547,3,20.0
2571,547,4,24.0
2572,547,5,25.0
2573,547,6,21.0
2574,561,1,0.0
2575,561,2,2.0
2576,561,3,11.0
2577,561,4,32.0
2578,561,5,23.0
2579,561,6,32.0
2580,570,1,3.0
2581,570,2,9.0
2582,570,3,12.0
2583,570,4,27.0
2584,570,5,23.0
2585,570,6,26.0
2586,573,1,4.0
2587,573,2,6.0
2588,573,3,17.0
2589,573,4,24.0
2590,573,5,26.0
2591,573,6,23.0
2592,574,1,0.0
2593,574,2,3.0
2594,574,3,22.0
2595,574,4,27.0
2596,574,5,26.0
2597,574,6,22.0
2598,576,1,1.0
2599,576,2,8.0
2600,576,3,10.0
2601,576,4,27.0
2602,576,5,26.0
2603,576,6,28.0
2604,579,1,5.0
2605,579,2,9.0
2606,579,3,20.0
2607,579,4,23.0
2608,579,5,21.0
2609,579,6,22.0
2610,582,1,5.0
2611,582,2,6.0
2612,582,3,12.0
2613,582,4,24.0
2614,582,5,27.0
2615,582,6,26.0
2616,587,1,5.0
2617,587,2,4.0
2618,587,3,20.0
2619,587,4,23.0
2620,587,5,27.0
2621,587,6,21.0
2622,588,1,3.0
2623,588,2,4.0
2624,588,3,12.0
2625,588,4,24.0
2626,588,5,31.0
2627,588,6,26.0
2628,590,1,3.0
2629,590,2,8.0
2630,590,3,6.0
2631,590,4,27.0
2632,590,5,30.0
2633,590,6,26.0
2634,604,1,0.0
2635,604,2,8.0
2636,604,3,12.0
2637,604,4,26.0
2638,604,5,32.0
2639,604,6,22.0
2640,605,1,4.0
2641,605,2,5.0
2642,605,3,20.0
2643,605,4,24.0
2644,605,5,26.0
2645,605,6,21.0
2646,619,1,0.0
2647,619,2,8.0
2648,619,3,18.0
2649,619,4,21.0
2650,619,5,27.0
2651,619,6,26.0
2652,620,1,1.0
2653,620,2,7.0
2654,620,3,5.0
2655,620,4,21.0
2656,620,5,38.0
2657,620,6,28.0
2658,401,1,5.0
2659,401,2,5.0
2660,401,3,16.0
2661,401,4,30.0
2662,401,5,25.0
2663,401,6,19.0
2664,417,1,1.0
2665,417,2,9.0
2666,417,3,16.0
2667,417,4,29.0
2668,417,5,31.0
2669,417,6,14.0
2670,466,1,2.0
2671,466,2,9.0
2672,466,3,8.0
2673,466,4,28.0
2674,466,5,33.0
2675,466,6,20.0
2676,492,1,4.0
2677,492,2,10.0
2678,492,3,15.0
2679,492,4,27.0
2680,492,5,34.0
2681,492,6,10.0
2682,498,1,1.0
2683,498,2,6.0
2684,498,3,13.0
2685,498,4,32.0
2686,498,5,36.0
2687,498,6,12.0
2688,526,1,3.0
2689,526,2,8.0
2690,526,3,9.0
2691,526,4,32.0
2692,526,5,34.0
2693,526,6,14.0
2694,548,1,1.0
2695,548,2,10.0
2696,548,3,9.0
2697,548,4,36.0
2698,548,5,30.0
2699,548,6,14.0
2700,556,1,5.0
2701,556,2,7.0
2702,556,3,14.0
2703,556,4,30.0
2704,556,5,27.0
2705,556,6,17.0
2706,583,1,5.0
2707,583,2,3.0
2708,583,3,11.0
2709,583,4,36.0
2710,583,5,35.0
2711,583,6,10.0
2712,599,1,3.0
2713,599,2,8.0
2714,599,3,17.0
2715,599,4,33.0
2716,599,5,29.0
2717,599,6,10.0
2718,415,1,18.0
2719,415,2,15.0
2720,415,3,17.0
2721,415,4,16.0
2722,415,5,20.0
2723,415,6,14.0
2724,416,1,20.0
2725,416,2,16.0
2726,416,3,15.0
2727,416,4,16.0
2728,416,5,19.0
2729,416,6,14.0
2730,430,1,18.0
2731,430,2,19.0
2732,430,3,13.0
2733,430,4,17.0
2734,430,5,18.0
2735,430,6,15.0
2736,437,1,20.0
2737,437,2,17.0
2738,437,3,13.0
2739,437,4,16.0
2740,437,5,22.0
2741,437,6,12.0
2742,460,1,13.0
2743,460,2,19.0
2744,460,3,20.0
2745,460,4,20.0
2746,460,5,17.0
2747,460,6,11.0
2748,474,1,12.0
2749,474,2,18.0
2750,474,3,20.0
2751,474,4,16.0
2752,474,5,18.0
2753,474,6,16.0
2754,477,1,16.0
2755,477,2,20.0
2756,477,3,16.0
2757,477,4,14.0
2758,477,5,15.0
2759,477,6,19.0
2760,495,1,19.0
2761,495,2,14.0
2762,495,3,18.0
2763,495,4,17.0
2764,495,5,19.0
2765,495,6,13.0
2766,500,1,20.0
2767,500,2,15.0
2768,500,3,15.0
2769,500,4,14.0
2770,500,5,21.0
2771,500,6,15.0
2772,502,1,18.0
2773,502,2,14.0
2774,502,3,19.0
2775,502,4,18.0
2776,502,5,16.0
2777,502,6,15.0
2778,532,1,16.0
2779,532,2,14.0
2780,532,3,18.0
2781,532,4,19.0
2782,532,5,20.0
2783,532,6,13.0
2784,544,1,17.0
2785,544,2,13.0
2786,544,3,21.0
2787,544,4,16.0
2788,544,5,18.0
2789,544,6,15.0
2790,545,1,14.0
2791,545,2,17.0
2792,545,3,12.0
2793,545,4,20.0
2794,545,5,16.0
2795,545,6,21.0
2796,558,1,18.0
2797,558,2,19.0
2798,558,3,15.0
2799,558,4,15.0
2800,558,5,20.0
2801,558,6,13.0
2802,563,1,16.0
2803,563,2,19.0
2804,563,3,14.0
2805,563,4,16.0
2806,563,5,16.0
2807,563,6,19.0
2808,565,1,18.0
2809,565,2,17.0
2810,565,3,17.0
2811,565,4,16.0
2812,565,5,19.0
2813,565,6,13.0
2814,575,1,15.0
2815,575,2,13.0
2816,575,3,19.0
2817,575,4,21.0
2818,575,5,17.0
2819,575,6,15.0
2820,586,1,16.0
2821,586,2,14.0
2822,586,3,21.0
2823,586,4,20.0
2824,586,5,14.0
2825,586,6,15.0
2826,596,1,19.0
2827,596,2,17.0
2828,596,3,15.0
2829,596,4,14.0
2830,596,5,19.0
2831,596,6,16.0
2832,597,1,20.0
2833,597,2,16.0
2834,597,3,11.0
2835,597,4,16.0
2836,597,5,22.0
2837,597,6,15.0
2838,610,1,14.0
2839,610,2,20.0
2840,610,3,18.0
2841,610,4,13.0
2842,610,5,17.0
2843,610,6,18.0
2844,612,1,14.0
2845,612,2,17.0
2846,612,3,16.0
2847,612,4,16.0
2848,612,5,18.0
2849,612,6,19.0
2850,613,1,19.0
2851,613,2,20.0
2852,613,3,16.0
2853,613,4,13.0
2854,613,5,20.0
2855,613,6,12.0
2856,411,1,9.0
2857,411,2,12.0
2858,411,3,56.0
2859,411,4,9.0
2860,411,5,10.0
2861,411,6,4.0
2862,458,1,15.0
2863,458,2,11.0
2864,458,3,53.0
2865,458,4,11.0
2866,458,5,10.0
2867,458,6,0.0
2868,472,1,9.0
2869,472,2,11.0
2870,472,3,54.0
2871,472,4,12.0
2872,472,5,8.0
2873,472,6,5.0
2874,478,1,2.0
2875,478,2,14.0
2876,478,3,57.0
2877,478,4,13.0
2878,478,5,12.0
2879,478,6,2.0
2880,491,1,3.0
2881,491,2,14.0
2882,491,3,59.0
2883,491,4,10.0
2884,491,5,9.0
2885,491,6,5.0
2886,527,1,3.0
2887,527,2,12.0
2888,527,3,59.0
2889,527,4,15.0
2890,527,5,11.0
2891,527,6,0.0
2892,562,1,10.0
2893,562,2,16.0
2894,562,3,44.0
2895,562,4,14.0
2896,562,5,13.0
2897,562,6,3.0
2898,568,1,13.0
2899,568,2,14.0
2900,568,3,55.0
2901,568,4,7.0
2902,568,5,8.0
2903,568,6,3.0
2904,591,1,10.0
2905,591,2,13.0
2906,591,3,46.0
2907,591,4,15.0
2908,591,5,12.0
2909,591,6,4.0
2910,603,1,12.0
2911,603,2,13.0
2912,603,3,48.0
2913,603,4,12.0
2914,603,5,11.0
2915,603,6,4.0
2916,404,1,16.0
2917,404,2,11.0
2918,404,3,17.0
2919,404,4,18.0
2920,404,5,18.0
2921,404,6,20.0
2922,421,1,11.0
2923,421,2,22.0
2924,421,3,23.0
2925,421,4,14.0
2926,421,5,16.0
2927,421,6,14.0
2928,428,1,21.0
2929,428,2,15.0
2930,428,3,14.0
2931,428,4,15.0
2932,428,5,23.0
2933,428,6,12.0
2934,456,1,12.0
2935,456,2,11.0
2936,456,3,15.0
2937,456,4,25.0
2938,456,5,23.0
2939,456,6,14.0
2940,503,1,10.0
2941,503,2,20.0
2942,503,3,13.0
2943,503,4,21.0
2944,503,5,26.0
2945,503,6,10.0
2946,552,1,15.0
2947,552,2,14.0
2948,552,3,25.0
2949,552,4,16.0
2950,552,5,13.0
2951,552,6,17.0
2952,580,1,14.0
2953,580,2,13.0
2954,580,3,23.0
2955,580,4,25.0
2956,580,5,12.0
2957,580,6,13.0
2958,581,1,13.0
2959,581,2,27.0
2960,581,3,18.0
2961,581,4,13.0
2962,581,5,13.0
2963,581,6,16.0
2964,602,1,15.0
2965,602,2,11.0
2966,602,3,12.0
2967,602,4,17.0
2968,602,5,21.0
2969,602,6,24.0
2970,614,1,11.0
2971,614,2,21.0
2972,614,3,23.0
2973,614,4,17.0
2974,614,5,16.0
2975,614,6,12.0
2976,408,1,15.0
2977,408,2,7.0
2978,408,3,31.0
2979,408,4,32.0
2980,408,5,8.0
2981,408,6,7.0
2982,409,1,6.0
2983,409,2,15.0
2984,409,3,28.0
2985,409,4,35.0
2986,409,5,10.0
2987,409,6,6.0
2988,418,1,12.0
2989,418,2,14.0
2990,418,3,27.0
2991,418,4,28.0
2992,418,5,13.0
2993,418,6,6.0
2994,422,1,11.0
2995,422,2,8.0
2996,422,3,36.0
2997,422,4,32.0
2998,422,5,6.0
2999,422,6,7.0
3000,433,1,8.0
3001,433,2,12.0
3002,433,3,31.0
3003,433,4,33.0
3004,433,5,11.0
3005,433,6,5.0
3006,439,1,12.0
3007,439,2,5.0
3008,439,3,32.0
3009,439,4,36.0
3010,439,5,14.0
3011,439,6,1.0
3012,440,1,4.0
3013,440,2,12.0
3014,440,3,36.0
3015,440,4,33.0
3016,440,5,8.0
3017,440,6,7.0
3018,461,1,8.0
3019,461,2,8.0
3020,461,3,32.0
3021,461,4,33.0
3022,461,5,14.0
3023,461,6,5.0
3024,464,1,3.0
3025,464,2,10.0
3026,464,3,36.0
3027,464,4,33.0
3028,464,5,12.0
3029,464,6,6.0
3030,473,1,3.0
3031,473,2,9.0
3032,473,3,32.0
3033,473,4,36.0
3034,473,5,14.0
3035,473,6,6.0
3036,476,1,15.0
3037,476,2,10.0
3038,476,3,26.0
3039,476,4,31.0
3040,476,5,12.0
3041,476,6,6.0
3042,484,1,7.0
3043,484,2,12.0
3044,484,3,32.0
3045,484,4,28.0
3046,484,5,11.0
3047,484,6,10.0
3048,489,1,8.0
3049,489,2,11.0
3050,489,3,33.0
3051,489,4,36.0
3052,489,5,8.0
3053,489,6,4.0
3054,508,1,9.0
3055,508,2,12.0
3056,508,3,33.0
3057,508,4,32.0
3058,508,5,10.0
3059,508,6,4.0
3060,528,1,6.0
3061,528,2,12.0
3062,528,3,31.0
3063,528,4,30.0
3064,528,5,13.0
3065,528,6,8.0
3066,538,1,7.0
3067,538,2,13.0
3068,538,3,26.0
3069,538,4,35.0
3070,538,5,12.0
3071,538,6,7.0
3072,553,1,9.0
3073,553,2,10.0
3074,553,3,34.0
3075,553,4,29.0
3076,553,5,11.0
3077,553,6,7.0
3078,566,1,7.0
3079,566,2,9.0
3080,566,3,37.0
3081,566,4,29.0
3082,566,5,10.0
3083,566,6,8.0
3084,577,1,9.0
3085,577,2,12.0
3086,577,3,31.0
3087,577,4,35.0
3088,577,5,13.0
3089,577,6,0.0
3090,584,1,14.0
3091,584,2,14.0
3092,584,3,32.0
3093,584,4,31.0
3094,584,5,7.0
3095,584,6,2.0
3096,600,1,5.0
3097,600,2,12.0
3098,600,3,32.0
3099,600,4,29.0
3100,600,5,14.0
3101,600,6,8.0
3102,609,1,11.0
3103,609,2,16.0
3104,609,3,25.0
3105,609,4,26.0
3106,609,5,13.0
3107,609,6,9.0
3108,621,1,5.0
3109,621,2,6.0
3110,621,3,38.0
3111,621,4,36.0
3112,621,5,12.0
3113,621,6,3.0
3114,626,1,4.0
3115,626,2,9.0
3116,626,3,28.0
3117,626,4,35.0
3118,626,5,15.0
3119,626,6,9.0
3120,403,1,39.0
3121,403,2,35.0
3122,403,3,12.0
3123,403,4,9.0
3124,403,5,4.0
3125,403,6,1.0
3126,470,1,37.0
3127,470,2,35.0
3128,470,3,9.0
3129,470,4,7.0
3130,470,5,8.0
3131,470,6,4.0
3132,487,1,33.0
3133,487,2,40.0
3134,487,3,9.0
3135,487,4,8.0
3136,487,5,9.0
3137,487,6,1.0
3138,501,1,35.0
3139,501,2,28.0
3140,501,3,17.0
3141,501,4,9.0
3142,501,5,7.0
3143,501,6,4.0
3144,542,1,25.0
3145,542,2,41.0
3146,542,3,11.0
3147,542,4,10.0
3148,542,5,6.0
3149,542,6,7.0
3150,572,1,39.0
3151,572,2,32.0
3152,572,3,14.0
3153,572,4,5.0
3154,572,5,10.0
3155,572,6,0.0
3156,578,1,36.0
3157,578,2,34.0
3158,578,3,12.0
3159,578,4,5.0
3160,578,5,9.0
3161,578,6,4.0
3162,617,1,41.0
3163,617,2,32.0
3164,617,3,11.0
3165,617,4,8.0
3166,617,5,5.0
3167,617,6,3.0
3168,410,1,38.0
3169,410,2,28.0
3170,410,3,11.0
3171,410,4,9.0
3172,410,5,9.0
3173,410,6,5.0
3174,457,1,39.0
3175,457,2,33.0
3176,457,3,10.0
3177,457,4,11.0
3178,457,5,7.0
3179,457,6,0.0
3180,468,1,35.0
3181,468,2,32.0
3182,468,3,18.0
3183,468,4,10.0
3184,468,5,5.0
3185,468,6,0.0
3186,479,1,27.0
3187,479,2,27.0
3188,479,3,17.0
3189,479,4,15.0
3190,479,5,7.0
3191,479,6,7.0
3192,488,1,27.0
3193,488,2,36.0
3194,488,3,18.0
3195,488,4,8.0
3196,488,5,8.0
3197,488,6,3.0
3198,533,1,30.0
3199,533,2,45.0
3200,533,3,5.0
3201,533,4,9.0
3202,533,5,8.0
3203,533,6,3.0
3204,534,1,39.0
3205,534,2,36.0
3206,534,3,6.0
3207,534,4,6.0
3208,534,5,9.0
3209,534,6,4.0
3210,555,1,44.0
3211,555,2,34.0
3212,555,3,5.0
3213,555,4,7.0
3214,555,5,5.0
3215,555,6,5.0
3216,592,1,25.0
3217,592,2,35.0
3218,592,3,14.0
3219,592,4,9.0
3220,592,5,11.0
3221,592,6,6.0
3222,611,1,22.0
3223,611,2,35.0
3224,611,3,16.0
3225,611,4,8.0
3226,611,5,13.0
3227,611,6,6.0
3228,618,1,40.0
3229,618,2,34.0
3230,618,3,14.0
3231,618,4,7.0
3232,618,5,3.0
3233,618,6,2.0
3234,427,1,8.0
3235,427,2,26.0
3236,427,3,41.0
3237,427,4,18.0
3238,427,5,7.0
3239,427,6,0.0
3240,438,1,8.0
3241,438,2,36.0
3242,438,3,33.0
3243,438,4,12.0
3244,438,5,7.0
3245,438,6,4.0
3246,483,1,7.0
3247,483,2,37.0
3248,483,3,42.0
3249,483,4,6.0
3250,483,5,4.0
3251,483,6,4.0
3252,485,1,1.0
3253,485,2,34.0
3254,485,3,37.0
3255,485,4,16.0
3256,485,5,8.0
3257,485,6,4.0
3258,505,1,6.0
3259,505,2,32.0
3260,505,3,35.0
3261,505,4,17.0
3262,505,5,7.0
3263,505,6,3.0
3264,531,1,6.0
3265,531,2,37.0
3266,531,3,35.0
3267,531,4,12.0
3268,531,5,7.0
3269,531,6,3.0
3270,616,1,4.0
3271,616,2,35.0
3272,616,3,37.0
3273,616,4,16.0
3274,616,5,7.0
3275,616,6,1.0
3276,419,1,37.0
3277,419,2,32.0
3278,419,3,12.0
3279,419,4,8.0
3280,419,5,9.0
3281,419,6,2.0
3282,423,1,29.0
3283,423,2,38.0
3284,423,3,12.0
3285,423,4,11.0
3286,423,5,5.0
3287,423,6,5.0
3288,432,1,32.0
3289,432,2,30.0
3290,432,3,16.0
3291,432,4,11.0
3292,432,5,6.0
3293,432,6,5.0
3294,434,1,35.0
3295,434,2,42.0
3296,434,3,6.0
3297,434,4,5.0
3298,434,5,5.0
3299,434,6,7.0
3300,442,1,41.0
3301,442,2,26.0
3302,442,3,15.0
3303,442,4,5.0
3304,442,5,6.0
3305,442,6,7.0
3306,469,1,32.0
3307,469,2,37.0
3308,469,3,6.0
3309,469,4,10.0
3310,469,5,8.0
3311,469,6,7.0
3312,482,1,32.0
3313,482,2,40.0
3314,482,3,7.0
3315,482,4,9.0
3316,482,5,11.0
3317,482,6,1.0
3318,494,1,37.0
3319,494,2,32.0
3320,494,3,10.0
3321,494,4,6.0
3322,494,5,11.0
3323,494,6,4.0
3324,499,1,32.0
3325,499,2,38.0
3326,499,3,10.0
3327,499,4,6.0
3328,499,5,9.0
3329,499,6,5.0
3330,504,1,31.0
3331,504,2,36.0
3332,504,3,15.0
3333,504,4,9.0
3334,504,5,8.0
3335,504,6,1.0
3336,506,1,38.0
3337,506,2,35.0
3338,506,3,14.0
3339,506,4,6.0
3340,506,5,4.0
3341,506,6,3.0
3342,539,1,41.0
3343,539,2,31.0
3344,539,3,14.0
3345,539,4,5.0
3346,539,5,8.0
3347,539,6,1.0
3348,560,1,36.0
3349,560,2,27.0
3350,560,3,8.0
3351,560,4,11.0
3352,560,5,14.0
3353,560,6,4.0
3354,601,1,32.0
3355,601,2,38.0
3356,601,3,11.0
3357,601,4,9.0
3358,601,5,7.0
3359,601,6,3.0
3360,606,1,37.0
3361,606,2,35.0
3362,606,3,8.0
3363,606,4,5.0
3364,606,5,12.0
3365,606,6,3.0
3366,615,1,28.0
3367,615,2,29.0
3368,615,3,19.0
3369,615,4,12.0
3370,615,5,8.0
3371,615,6,4.0
3372,623,1,34.0
3373,623,2,40.0
3374,623,3,12.0
3375,623,4,9.0
3376,623,5,4.0
3377,623,6,1.0
3378,624,1,28.0
3379,624,2,35.0
3380,624,3,12.0
3381,624,4,8.0
3382,624,5,11.0
3383,624,6,6.0
